fever,headache,fatigue,frequent_urination,weight_loss,chest_pain,dizziness,chills,vomiting,abdominal_pain,joint_pain,rash,cough,breathing_problem,disease
1,1,1,0,0,1,0,0,1,0,1,1,0,0,Fever
1,1,1,1,0,1,1,1,1,0,0,1,0,0,Fever
1,1,1,0,1,0,1,1,0,1,1,1,0,1,Fever
1,1,1,0,1,0,0,0,1,1,0,1,0,0,Fever
1,1,1,1,0,1,0,1,1,1,0,1,0,1,Fever
1,1,1,0,0,1,1,0,0,0,1,0,1,0,Fever
1,1,1,1,1,1,0,1,0,1,0,1,1,0,Fever
1,1,1,1,0,1,0,1,0,1,1,0,1,0,Fever
1,1,1,1,0,1,0,0,1,0,1,0,0,0,Fever
1,1,1,1,1,1,1,1,0,1,1,1,1,1,Fever
1,1,1,0,0,1,1,1,1,0,0,0,0,0,Fever
1,1,1,1,1,1,1,1,1,1,0,0,1,0,Fever
1,1,1,1,1,1,0,0,0,1,0,0,1,0,Fever
1,1,1,1,1,0,1,0,1,1,0,0,0,1,Fever
1,1,1,0,0,0,1,1,0,1,0,1,0,1,Fever
1,1,1,0,0,0,0,1,0,1,0,0,0,1,Fever
1,1,1,1,0,1,0,0,0,0,1,0,0,1,Fever
1,1,1,1,1,1,0,1,0,0,1,0,1,1,Fever
1,1,1,0,1,0,1,1,1,1,0,1,0,0,Fever
1,1,1,0,0,1,0,1,1,0,1,0,0,1,Fever
1,1,1,1,0,0,1,0,1,1,0,0,0,1,Fever
1,1,1,0,0,1,0,0,0,1,0,1,1,1,Fever
1,1,1,0,1,0,1,1,0,0,1,1,1,1,Fever
1,1,1,0,0,0,0,1,0,1,0,1,0,1,Fever
1,1,1,1,1,0,0,1,1,1,0,0,1,1,Fever
1,1,1,0,0,1,0,0,0,0,0,1,0,1,Fever
1,1,1,1,0,0,1,1,0,1,0,0,1,1,Fever
1,1,1,0,1,1,1,1,0,1,1,0,0,0,Fever
1,1,1,0,0,0,1,0,0,1,0,0,1,1,Fever
1,1,1,1,0,0,1,0,1,1,0,0,0,0,Fever
1,1,1,1,0,0,1,1,0,1,1,1,1,1,Fever
1,1,1,0,0,0,1,0,1,1,1,1,0,1,Fever
1,1,1,0,0,0,0,1,0,0,0,0,1,1,Fever
1,1,1,0,0,0,1,0,1,0,0,1,0,0,Fever
1,1,1,0,0,0,1,1,1,0,0,1,0,1,Fever
1,1,1,0,0,1,0,0,0,0,0,0,1,0,Fever
1,1,1,1,0,0,1,1,0,1,1,0,0,0,Fever
1,1,1,0,1,0,0,1,0,0,0,1,0,1,Fever
1,1,1,0,1,1,0,0,0,1,0,1,1,0,Fever
1,1,1,1,1,1,0,0,0,1,1,1,1,0,Fever
1,1,1,1,0,1,1,0,0,0,0,0,0,0,Fever
1,1,1,0,0,0,0,0,1,0,1,0,0,1,Fever
1,1,1,1,0,1,1,1,0,1,1,1,0,0,Fever
1,1,1,0,0,0,1,0,1,1,0,1,1,1,Fever
1,1,1,0,0,1,1,1,0,1,0,0,1,0,Fever
1,1,1,1,1,1,1,0,1,1,0,1,0,1,Fever
1,1,1,0,1,0,0,1,0,0,1,1,0,0,Fever
1,1,1,0,1,1,1,1,1,0,0,1,1,0,Fever
1,1,1,0,0,1,1,1,0,1,1,1,1,0,Fever
1,1,1,1,1,0,1,0,1,0,1,0,1,0,Fever
1,1,1,1,1,0,1,1,1,1,1,1,0,1,Fever
1,1,1,0,0,0,0,0,0,1,0,1,1,0,Fever
1,1,1,0,1,0,1,0,0,0,0,0,1,0,Fever
1,1,1,0,0,1,0,0,0,0,0,1,1,1,Fever
1,1,1,1,0,0,0,0,1,0,1,0,0,1,Fever
1,1,1,0,0,1,0,1,1,0,0,1,1,1,Fever
1,1,1,0,1,1,0,0,1,0,0,1,1,1,Fever
1,1,1,0,0,0,1,0,1,0,0,0,1,1,Fever
1,1,1,1,1,0,0,0,0,1,1,0,1,1,Fever
1,1,1,1,0,0,0,1,1,0,0,1,1,0,Fever
1,1,1,1,0,1,0,1,1,1,0,1,1,1,Fever
1,1,1,1,0,0,1,1,1,1,1,1,0,0,Fever
1,1,1,1,0,0,1,1,0,1,0,0,0,0,Fever
1,1,1,1,1,0,0,1,1,1,0,0,0,1,Fever
1,1,1,1,1,0,0,0,1,1,0,1,1,1,Fever
1,1,1,0,0,0,0,1,1,1,1,1,0,1,Fever
1,1,1,1,1,1,1,0,0,0,0,1,1,0,Fever
1,1,1,1,0,1,0,0,0,1,0,1,1,0,Fever
1,1,1,1,1,0,0,0,0,1,1,1,0,1,Fever
1,1,1,0,0,0,0,0,1,0,1,0,0,1,Fever
1,1,1,0,0,0,0,0,0,1,1,1,0,1,Fever
1,1,1,0,1,1,0,1,1,1,0,0,1,0,Fever
1,1,1,1,1,0,0,0,1,0,0,0,0,0,Fever
1,1,1,0,0,1,0,1,0,1,0,0,0,1,Fever
1,1,1,0,0,1,1,0,0,1,0,1,0,1,Fever
1,1,1,0,1,0,1,1,0,1,0,0,1,0,Fever
1,1,1,1,1,0,0,0,0,1,0,1,1,1,Fever
1,1,1,1,0,0,0,1,0,0,0,0,0,0,Fever
1,1,1,1,0,0,0,0,1,1,1,1,1,0,Fever
1,1,1,1,1,0,1,1,1,1,0,1,1,0,Fever
1,1,1,1,0,1,0,1,1,1,1,0,1,0,Fever
1,1,1,1,1,1,1,0,1,0,1,1,0,1,Fever
1,1,1,0,0,1,1,0,0,0,0,0,1,0,Fever
1,1,1,1,0,0,1,1,0,1,1,0,0,1,Fever
1,1,1,1,1,1,1,0,0,1,1,0,0,0,Fever
1,1,1,1,1,1,1,1,1,0,0,0,1,1,Fever
1,1,1,1,0,1,1,1,0,1,0,0,0,1,Fever
1,1,1,0,0,1,0,0,1,0,0,0,1,0,Fever
1,1,1,1,0,1,0,0,0,1,0,0,1,0,Fever
1,1,1,0,1,0,1,1,0,1,0,0,0,1,Fever
1,1,1,0,1,1,0,1,0,1,1,0,1,0,Fever
1,1,1,0,0,0,1,0,1,1,0,0,0,1,Fever
1,1,1,1,1,0,0,1,1,1,0,1,1,1,Fever
1,1,1,1,1,0,1,1,1,1,1,1,1,1,Fever
1,1,1,1,0,1,0,1,1,1,1,0,1,0,Fever
1,1,1,0,1,1,0,0,1,1,1,1,0,0,Fever
1,1,1,0,0,1,1,0,0,0,0,0,0,1,Fever
1,1,1,0,1,0,0,1,1,0,1,1,1,1,Fever
1,1,1,0,1,0,0,0,0,1,0,0,0,1,Fever
1,1,1,0,0,1,1,0,1,1,0,0,1,0,Fever
1,1,1,1,1,0,0,0,0,1,1,1,1,0,Diabetes
1,1,1,1,1,0,1,1,0,1,1,0,0,0,Diabetes
0,1,1,1,1,1,0,0,1,1,0,0,1,1,Diabetes
0,1,1,1,1,1,1,1,0,1,0,0,0,0,Diabetes
1,1,1,1,1,1,1,0,1,1,0,1,0,1,Diabetes
0,0,1,1,1,0,0,0,1,0,1,0,1,0,Diabetes
1,1,1,1,1,1,1,0,1,1,1,1,0,0,Diabetes
0,0,1,1,1,1,1,1,0,0,0,1,0,0,Diabetes
0,1,1,1,1,1,0,0,0,1,1,0,0,0,Diabetes
1,0,1,1,1,1,0,1,1,1,0,1,1,1,Diabetes
0,1,1,1,1,1,0,1,1,1,1,1,0,1,Diabetes
1,0,1,1,1,0,1,1,0,0,1,1,0,1,Diabetes
0,0,1,1,1,0,0,1,1,1,1,1,1,1,Diabetes
0,1,1,1,1,1,1,1,1,1,1,0,0,1,Diabetes
1,0,1,1,1,1,1,1,1,1,1,0,0,0,Diabetes
1,0,1,1,1,0,0,1,0,0,1,1,0,0,Diabetes
1,1,1,1,1,0,1,0,1,0,0,1,0,1,Diabetes
0,0,1,1,1,0,0,0,1,0,1,0,0,1,Diabetes
0,0,1,1,1,0,0,0,1,1,1,1,1,1,Diabetes
0,0,1,1,1,0,1,1,1,1,1,1,1,1,Diabetes
1,0,1,1,1,0,1,0,0,0,0,0,0,1,Diabetes
0,0,1,1,1,1,1,1,1,1,1,0,0,1,Diabetes
0,1,1,1,1,0,0,0,1,1,1,1,1,0,Diabetes
0,1,1,1,1,1,0,0,1,1,0,0,1,0,Diabetes
1,0,1,1,1,0,1,1,0,0,0,1,1,0,Diabetes
1,1,1,1,1,1,1,0,0,0,0,1,1,0,Diabetes
1,1,1,1,1,0,1,1,1,1,0,0,1,1,Diabetes
1,1,1,1,1,0,0,0,1,0,1,0,1,1,Diabetes
0,1,1,1,1,0,0,1,0,1,1,0,0,0,Diabetes
0,0,1,1,1,1,0,0,1,1,1,1,1,1,Diabetes
0,0,1,1,1,1,1,0,0,0,1,1,1,0,Diabetes
0,1,1,1,1,1,1,0,0,0,1,0,0,1,Diabetes
1,0,1,1,1,0,0,1,1,0,0,1,1,0,Diabetes
1,1,1,1,1,0,1,1,0,0,0,1,0,0,Diabetes
0,0,1,1,1,1,0,0,0,0,1,0,0,1,Diabetes
0,0,1,1,1,1,1,1,0,1,0,1,0,1,Diabetes
0,0,1,1,1,0,0,1,0,0,0,1,1,0,Diabetes
1,1,1,1,1,1,1,0,1,0,0,0,0,1,Diabetes
1,0,1,1,1,1,0,1,1,0,1,1,1,1,Diabetes
1,0,1,1,1,1,0,1,0,1,1,1,0,0,Diabetes
0,1,1,1,1,1,0,1,0,0,0,1,0,0,Diabetes
0,1,1,1,1,1,1,1,1,0,1,1,0,0,Diabetes
1,0,1,1,1,0,1,1,0,0,0,1,1,1,Diabetes
0,0,1,1,1,0,1,1,0,1,1,0,1,1,Diabetes
0,0,1,1,1,0,0,0,1,1,1,1,0,1,Diabetes
0,1,1,1,1,0,0,1,1,1,0,0,1,1,Diabetes
0,0,1,1,1,0,1,0,0,1,0,1,0,1,Diabetes
0,0,1,1,1,1,0,0,1,1,0,1,0,1,Diabetes
0,0,1,1,1,0,0,0,0,1,0,0,0,0,Diabetes
1,1,1,1,1,1,0,1,1,0,1,0,1,0,Diabetes
1,1,1,1,1,1,0,0,0,1,1,0,0,1,Diabetes
1,0,1,1,1,1,1,0,1,1,1,0,1,1,Diabetes
0,1,1,1,1,1,1,1,1,0,0,1,0,0,Diabetes
1,1,1,1,1,1,0,1,0,0,0,0,1,0,Diabetes
1,1,1,1,1,1,1,0,1,0,0,0,0,1,Diabetes
0,1,1,1,1,1,0,1,0,0,0,1,1,0,Diabetes
0,0,1,1,1,0,1,0,1,0,0,0,1,0,Diabetes
0,0,1,1,1,0,0,1,1,0,1,1,0,1,Diabetes
1,0,1,1,1,0,0,1,1,0,0,0,1,0,Diabetes
0,0,1,1,1,0,0,1,0,0,1,0,1,1,Diabetes
1,1,1,1,1,0,1,1,1,1,1,0,1,1,Diabetes
0,1,1,1,1,1,1,1,1,0,1,0,1,1,Diabetes
0,0,1,1,1,1,1,0,1,1,1,0,0,1,Diabetes
0,1,1,1,1,1,0,0,1,1,1,0,1,1,Diabetes
0,1,1,1,1,0,0,1,1,1,1,1,1,0,Diabetes
1,0,1,1,1,1,0,0,1,0,1,0,0,1,Diabetes
1,0,1,1,1,0,0,1,0,0,0,0,0,0,Diabetes
0,0,1,1,1,1,0,0,1,1,1,1,1,1,Diabetes
1,0,1,1,1,0,1,0,1,0,1,0,1,0,Diabetes
1,0,1,1,1,0,0,0,0,1,0,0,0,1,Diabetes
0,1,1,1,1,1,0,1,1,1,1,1,0,1,Diabetes
0,0,1,1,1,0,0,1,1,1,1,1,1,1,Diabetes
0,0,1,1,1,0,1,0,0,0,1,0,0,1,Diabetes
1,1,1,1,1,1,1,0,0,0,0,1,1,0,Diabetes
1,1,1,1,1,0,0,1,1,0,1,1,1,0,Diabetes
1,1,1,1,1,1,0,1,0,1,0,1,1,0,Diabetes
1,1,1,1,1,1,1,0,1,0,1,1,0,1,Diabetes
1,0,1,1,1,1,1,0,1,0,1,0,1,1,Diabetes
0,0,1,1,1,1,0,1,0,1,1,1,0,0,Diabetes
0,0,1,1,1,1,1,0,0,1,1,0,0,0,Diabetes
1,1,1,1,1,1,1,0,0,0,0,1,0,1,Diabetes
0,1,1,1,1,1,1,0,1,1,0,1,0,0,Diabetes
1,1,1,1,1,1,0,1,1,1,1,0,0,1,Diabetes
0,0,1,1,1,1,1,0,1,1,1,0,1,0,Diabetes
1,1,1,1,1,1,1,1,1,0,0,1,0,1,Diabetes
1,1,1,1,1,1,0,0,1,0,1,0,1,0,Diabetes
0,0,1,1,1,0,1,1,1,0,1,1,1,1,Diabetes
0,1,1,1,1,0,0,1,0,1,1,0,0,0,Diabetes
1,1,1,1,1,1,0,1,0,1,1,0,1,0,Diabetes
0,0,1,1,1,1,1,0,0,0,1,0,1,0,Diabetes
1,1,1,1,1,0,0,0,0,1,0,1,1,0,Diabetes
0,0,1,1,1,1,0,1,1,0,0,0,0,1,Diabetes
0,0,1,1,1,1,0,0,1,1,1,0,1,1,Diabetes
1,0,1,1,1,1,0,1,1,1,0,1,0,0,Diabetes
1,1,1,1,1,0,0,1,0,1,1,0,1,0,Diabetes
0,1,1,1,1,1,0,1,0,1,0,1,0,0,Diabetes
1,0,1,1,1,1,1,1,1,0,0,1,0,1,Diabetes
0,1,1,1,1,0,0,1,0,0,1,0,0,0,Diabetes
1,1,1,1,1,0,0,1,0,0,1,0,0,1,Diabetes
0,1,1,1,1,1,0,1,0,1,0,1,0,1,Diabetes
0,1,1,0,0,1,1,1,0,0,0,1,0,1,Hypertension
1,1,1,1,1,1,1,0,0,0,0,0,1,0,Hypertension
0,1,1,0,0,1,1,0,0,0,0,1,1,0,Hypertension
1,1,1,0,1,1,1,1,1,1,1,1,1,1,Hypertension
1,1,0,0,1,1,1,1,0,0,0,0,0,0,Hypertension
0,1,0,0,0,1,1,0,1,1,1,0,0,1,Hypertension
1,1,1,1,0,1,1,0,0,1,1,0,0,0,Hypertension
0,1,1,1,1,1,1,0,1,0,0,0,1,1,Hypertension
1,1,0,1,1,1,1,1,0,0,1,0,0,0,Hypertension
0,1,0,1,1,1,1,0,0,1,0,0,1,1,Hypertension
0,1,1,1,0,1,1,1,1,1,1,1,1,0,Hypertension
0,1,0,1,0,1,1,1,0,1,1,1,0,0,Hypertension
1,1,0,1,1,1,1,1,1,1,1,0,1,1,Hypertension
1,1,1,0,1,1,1,0,1,0,1,0,0,0,Hypertension
1,1,0,1,1,1,1,1,0,0,0,1,0,1,Hypertension
1,1,0,1,1,1,1,1,0,1,1,1,0,0,Hypertension
1,1,0,0,1,1,1,0,0,0,1,0,1,1,Hypertension
1,1,1,1,1,1,1,1,0,1,0,1,1,1,Hypertension
0,1,1,1,1,1,1,1,0,1,1,1,1,1,Hypertension
0,1,0,1,1,1,1,1,1,1,0,1,1,1,Hypertension
0,1,0,0,1,1,1,0,0,0,1,1,1,0,Hypertension
1,1,1,0,1,1,1,1,1,1,1,0,1,1,Hypertension
1,1,1,1,1,1,1,1,0,0,0,0,0,0,Hypertension
0,1,1,0,1,1,1,1,0,0,1,0,1,0,Hypertension
0,1,1,0,1,1,1,0,0,0,0,1,0,1,Hypertension
1,1,0,0,0,1,1,1,0,0,1,1,1,0,Hypertension
1,1,0,0,0,1,1,0,1,0,0,1,0,0,Hypertension
1,1,0,1,0,1,1,0,0,1,1,0,0,1,Hypertension
1,1,0,0,1,1,1,0,0,1,1,0,0,1,Hypertension
0,1,1,0,0,1,1,1,1,1,1,0,1,1,Hypertension
1,1,0,0,0,1,1,0,0,0,1,1,0,0,Hypertension
0,1,0,0,1,1,1,0,1,1,0,0,0,0,Hypertension
1,1,0,1,0,1,1,1,1,1,0,1,0,0,Hypertension
1,1,1,0,0,1,1,1,1,1,0,1,1,1,Hypertension
1,1,0,1,0,1,1,1,1,0,1,0,1,1,Hypertension
0,1,0,1,1,1,1,1,1,1,0,1,0,1,Hypertension
1,1,0,1,1,1,1,1,0,1,0,1,1,0,Hypertension
1,1,0,1,0,1,1,1,1,1,1,0,0,1,Hypertension
1,1,1,1,0,1,1,0,0,0,1,1,0,1,Hypertension
1,1,1,1,0,1,1,1,1,1,0,1,0,1,Hypertension
0,1,1,1,1,1,1,0,0,1,0,1,1,0,Hypertension
0,1,0,1,1,1,1,1,1,0,1,1,0,1,Hypertension
1,1,1,0,1,1,1,1,1,1,0,1,1,1,Hypertension
1,1,0,0,0,1,1,0,1,1,0,1,0,0,Hypertension
1,1,0,0,0,1,1,1,1,1,0,1,1,1,Hypertension
0,1,1,0,1,1,1,0,1,1,0,0,1,1,Hypertension
1,1,1,1,0,1,1,1,1,1,0,0,0,0,Hypertension
0,1,1,0,0,1,1,0,0,0,0,1,1,0,Hypertension
0,1,1,0,0,1,1,1,1,0,0,1,1,1,Hypertension
0,1,1,0,0,1,1,0,1,0,1,0,1,0,Hypertension
1,1,0,0,1,1,1,0,1,1,0,0,0,1,Hypertension
1,1,0,0,0,1,1,0,0,0,0,0,0,1,Hypertension
1,1,1,1,0,1,1,1,0,0,0,1,1,0,Hypertension
0,1,1,0,1,1,1,1,1,0,1,0,0,0,Hypertension
0,1,0,0,1,1,1,1,1,1,1,0,0,1,Hypertension
1,1,1,1,1,1,1,0,1,0,0,0,1,1,Hypertension
0,1,1,1,0,1,1,1,1,0,1,1,0,0,Hypertension
1,1,1,1,0,1,1,1,1,0,1,1,0,0,Hypertension
1,1,1,0,0,1,1,0,1,1,1,0,0,1,Hypertension
1,1,0,0,1,1,1,0,0,1,0,0,0,0,Hypertension
0,1,0,0,1,1,1,0,1,1,0,0,0,1,Hypertension
1,1,0,0,0,1,1,0,1,0,1,1,0,1,Hypertension
0,1,0,0,0,1,1,1,1,0,1,0,0,1,Hypertension
1,1,0,1,1,1,1,0,1,0,1,1,1,0,Hypertension
0,1,0,0,0,1,1,0,0,0,1,0,1,1,Hypertension
1,1,0,0,0,1,1,0,1,1,0,0,0,0,Hypertension
0,1,0,1,1,1,1,1,0,1,0,0,0,0,Hypertension
1,1,1,0,1,1,1,0,0,1,1,1,1,1,Hypertension
1,1,0,1,1,1,1,0,0,0,0,0,1,1,Hypertension
1,1,1,1,1,1,1,0,0,1,0,0,1,0,Hypertension
1,1,1,1,0,1,1,0,0,0,1,0,1,0,Hypertension
0,1,0,1,0,1,1,1,1,0,0,1,1,1,Hypertension
0,1,0,1,1,1,1,1,1,1,0,1,1,1,Hypertension
1,1,1,0,0,1,1,0,0,0,1,1,0,0,Hypertension
1,1,0,0,0,1,1,0,1,0,0,0,1,0,Hypertension
0,1,1,1,1,1,1,0,1,0,0,1,1,0,Hypertension
1,1,1,1,0,1,1,1,1,0,1,1,0,0,Hypertension
1,1,1,0,0,1,1,1,0,1,0,1,1,1,Hypertension
0,1,0,0,0,1,1,0,1,1,0,1,0,0,Hypertension
1,1,0,0,0,1,1,0,0,0,1,0,0,0,Hypertension
0,1,1,0,0,1,1,0,1,1,1,0,0,0,Hypertension
1,1,0,0,0,1,1,1,1,0,0,0,0,0,Hypertension
1,1,0,0,0,1,1,1,1,1,0,1,1,1,Hypertension
0,1,0,0,0,1,1,1,0,0,1,1,1,1,Hypertension
0,1,1,0,0,1,1,1,0,1,0,0,0,0,Hypertension
0,1,1,0,1,1,1,0,0,1,1,0,0,0,Hypertension
1,1,1,0,1,1,1,0,1,1,0,0,0,1,Hypertension
1,1,0,0,1,1,1,1,1,1,0,0,1,0,Hypertension
0,1,1,1,0,1,1,1,0,0,0,0,0,0,Hypertension
1,1,1,0,1,1,1,1,0,1,0,1,0,0,Hypertension
0,1,0,1,0,1,1,1,0,0,1,0,1,0,Hypertension
1,1,1,1,0,1,1,0,0,0,0,1,1,0,Hypertension
0,1,1,1,0,1,1,1,1,0,0,1,1,1,Hypertension
1,1,1,1,1,1,1,0,1,0,1,1,1,1,Hypertension
1,1,1,1,0,1,1,0,0,1,1,1,1,0,Hypertension
1,1,0,1,0,1,1,0,0,1,1,0,0,0,Hypertension
1,1,1,1,0,1,1,0,1,0,1,0,1,0,Hypertension
0,1,0,0,1,1,1,0,0,0,0,1,0,1,Hypertension
1,1,1,1,1,1,1,1,1,1,0,0,0,0,Hypertension
0,1,0,1,1,1,1,0,1,0,1,1,1,0,Hypertension
1,1,0,1,1,1,0,1,1,0,1,1,1,0,Malaria
1,0,0,1,1,1,0,1,1,0,0,1,1,1,Malaria
1,0,1,0,0,1,0,1,1,0,1,1,0,0,Malaria
1,0,0,0,0,0,1,1,1,0,1,1,0,0,Malaria
1,0,1,1,1,1,0,1,1,0,1,1,0,1,Malaria
1,0,0,0,1,0,0,1,1,1,0,1,1,1,Malaria
1,1,1,1,0,1,0,1,1,1,1,0,0,0,Malaria
1,1,1,0,1,1,0,1,1,0,1,0,0,0,Malaria
1,0,0,0,0,1,1,1,1,1,0,0,1,0,Malaria
1,0,1,0,1,1,1,1,1,1,0,0,1,0,Malaria
1,0,1,0,0,1,1,1,1,1,0,1,1,0,Malaria
1,0,0,0,1,0,1,1,1,1,0,0,1,1,Malaria
1,1,0,1,0,1,0,1,1,1,1,0,0,0,Malaria
1,0,0,0,0,0,1,1,1,1,0,0,0,1,Malaria
1,1,1,0,1,0,1,1,1,1,1,1,1,0,Malaria
1,1,1,1,1,1,0,1,1,0,1,1,1,0,Malaria
1,1,0,0,0,1,0,1,1,0,1,0,1,1,Malaria
1,0,1,0,0,0,1,1,1,0,0,0,0,0,Malaria
1,1,0,1,0,0,0,1,1,1,0,0,0,0,Malaria
1,0,0,0,1,0,1,1,1,1,0,1,1,0,Malaria
1,0,1,0,1,0,1,1,1,0,0,0,0,0,Malaria
1,1,1,1,1,1,1,1,1,0,0,0,0,1,Malaria
1,1,0,1,0,0,0,1,1,1,0,0,1,1,Malaria
1,0,1,0,1,0,0,1,1,1,0,0,0,0,Malaria
1,0,0,0,0,1,1,1,1,1,0,0,0,1,Malaria
1,1,1,1,1,1,1,1,1,1,0,0,0,0,Malaria
1,0,1,1,0,0,1,1,1,0,1,1,1,0,Malaria
1,1,0,0,0,0,1,1,1,0,1,0,0,0,Malaria
1,0,0,1,1,0,1,1,1,1,0,1,0,0,Malaria
1,0,1,0,1,1,0,1,1,0,1,0,0,0,Malaria
1,0,0,0,1,1,0,1,1,1,0,1,1,0,Malaria
1,0,0,1,0,1,0,1,1,0,1,1,0,1,Malaria
1,0,1,1,0,0,1,1,1,0,0,1,0,1,Malaria
1,1,1,1,0,1,0,1,1,0,0,0,0,1,Malaria
1,0,0,1,1,1,1,1,1,1,1,1,0,1,Malaria
1,1,1,0,0,0,0,1,1,1,1,0,0,1,Malaria
1,1,0,0,0,0,1,1,1,1,1,0,0,0,Malaria
1,0,1,1,1,0,1,1,1,1,0,1,0,1,Malaria
1,1,1,1,1,0,0,1,1,1,0,0,0,0,Malaria
1,1,1,1,0,0,1,1,1,1,1,1,0,1,Malaria
1,1,0,0,1,1,1,1,1,1,0,1,1,1,Malaria
1,1,1,1,0,1,1,1,1,1,0,1,1,1,Malaria
1,1,1,1,1,0,1,1,1,0,0,1,1,1,Malaria
1,0,0,0,0,0,0,1,1,0,1,0,1,1,Malaria
1,1,0,1,1,1,1,1,1,0,1,1,0,1,Malaria
1,0,0,0,1,1,1,1,1,0,0,0,1,1,Malaria
1,0,0,1,0,0,0,1,1,0,1,1,0,0,Malaria
1,1,0,0,1,1,1,1,1,0,0,1,0,0,Malaria
1,1,0,0,1,1,1,1,1,0,0,0,1,0,Malaria
1,0,0,0,1,0,1,1,1,0,1,0,0,1,Malaria
1,0,0,1,0,0,0,1,1,1,0,0,0,1,Malaria
1,1,1,1,1,1,1,1,1,0,0,1,0,0,Malaria
1,1,1,0,0,0,0,1,1,1,0,1,0,0,Malaria
1,0,0,1,0,0,1,1,1,1,1,0,0,1,Malaria
1,0,0,1,0,1,0,1,1,0,1,1,0,0,Malaria
1,0,0,1,1,1,1,1,1,0,1,0,0,0,Malaria
1,1,0,0,1,0,1,1,1,1,0,1,1,0,Malaria
1,0,1,0,1,1,1,1,1,0,1,1,0,0,Malaria
1,1,1,0,1,1,1,1,1,1,1,1,0,0,Malaria
1,0,0,0,1,0,0,1,1,0,0,0,0,0,Malaria
1,1,1,0,1,1,1,1,1,1,0,1,0,0,Malaria
1,1,0,1,1,1,1,1,1,1,0,1,0,0,Malaria
1,0,1,1,0,0,0,1,1,0,1,0,0,0,Malaria
1,1,0,0,1,1,1,1,1,1,1,0,1,1,Malaria
1,1,1,1,1,1,0,1,1,1,0,0,0,1,Malaria
1,0,1,1,0,0,1,1,1,1,0,1,1,0,Malaria
1,1,1,1,1,1,1,1,1,0,0,1,0,1,Malaria
1,1,1,0,0,1,0,1,1,0,1,0,0,0,Malaria
1,0,0,1,0,0,0,1,1,1,0,1,1,0,Malaria
1,1,0,0,0,1,1,1,1,0,1,0,0,1,Malaria
1,1,1,1,1,1,0,1,1,0,1,0,1,0,Malaria
1,1,0,0,1,1,0,1,1,1,1,1,0,1,Malaria
1,0,1,1,1,0,0,1,1,1,1,0,0,1,Malaria
1,1,1,0,1,0,0,1,1,0,0,1,1,1,Malaria
1,0,0,0,1,1,1,1,1,1,0,1,0,0,Malaria
1,0,1,0,0,1,0,1,1,1,0,0,0,0,Malaria
1,0,1,1,0,1,0,1,1,1,0,0,1,0,Malaria
1,1,1,0,1,1,0,1,1,1,1,1,0,0,Malaria
1,1,1,0,1,1,0,1,1,1,1,1,1,0,Malaria
1,1,1,1,1,0,1,1,1,1,0,0,1,0,Malaria
1,1,0,1,0,1,1,1,1,1,1,0,1,0,Malaria
1,1,0,0,1,0,0,1,1,0,1,1,1,0,Malaria
1,0,0,1,1,1,1,1,1,1,0,1,1,0,Malaria
1,0,0,0,1,1,0,1,1,1,0,0,0,0,Malaria
1,1,1,0,0,0,0,1,1,1,0,1,1,1,Malaria
1,1,0,0,1,0,0,1,1,1,0,0,0,0,Malaria
1,1,0,1,1,1,0,1,1,0,1,1,0,1,Malaria
1,0,0,1,0,1,1,1,1,0,1,0,1,0,Malaria
1,0,0,0,0,0,0,1,1,1,0,1,0,1,Malaria
1,0,1,0,1,1,0,1,1,1,0,1,0,1,Malaria
1,1,0,0,0,0,0,1,1,0,1,0,0,1,Malaria
1,0,0,1,0,1,0,1,1,0,0,0,0,1,Malaria
1,0,1,0,0,1,1,1,1,0,1,0,1,0,Malaria
1,1,0,0,0,1,1,1,1,0,1,1,0,0,Malaria
1,1,0,1,0,1,0,1,1,1,1,0,0,1,Malaria
1,0,1,1,0,1,1,1,1,0,1,0,0,0,Malaria
1,0,1,0,0,0,1,1,1,1,1,0,1,0,Malaria
1,0,0,0,0,0,1,1,1,1,1,0,0,1,Malaria
1,1,0,0,1,0,1,1,1,1,0,0,1,0,Malaria
1,0,0,0,1,1,1,1,1,1,0,0,1,0,Malaria
1,1,1,1,1,1,0,1,1,1,1,0,0,1,Typhoid
1,0,1,1,0,1,1,0,1,1,0,0,1,1,Typhoid
1,0,0,1,1,1,0,1,1,1,0,1,0,1,Typhoid
1,1,1,0,1,1,0,0,1,1,1,1,0,1,Typhoid
1,0,0,0,0,0,1,1,1,1,1,0,1,1,Typhoid
1,1,0,0,0,0,0,1,1,1,1,0,1,0,Typhoid
1,1,1,1,1,1,1,1,1,1,1,0,0,1,Typhoid
1,1,0,1,1,0,0,0,1,1,0,0,0,0,Typhoid
1,0,0,1,0,1,0,0,1,1,1,0,0,1,Typhoid
1,1,1,1,1,1,0,1,1,1,1,0,0,1,Typhoid
1,0,1,1,1,0,1,1,1,1,1,1,0,0,Typhoid
1,1,0,0,1,0,0,1,1,1,1,1,1,1,Typhoid
1,1,0,0,0,1,0,1,1,1,0,0,1,0,Typhoid
1,0,0,1,1,1,1,1,1,1,1,1,0,1,Typhoid
1,0,0,0,0,1,1,1,1,1,0,1,1,0,Typhoid
1,0,1,1,0,0,1,1,1,1,1,1,0,0,Typhoid
1,1,1,0,0,0,1,1,1,1,0,1,1,1,Typhoid
1,0,0,1,1,1,1,0,1,1,1,1,0,1,Typhoid
1,0,1,0,0,1,0,0,1,1,1,0,0,0,Typhoid
1,1,0,0,1,0,0,1,1,1,0,1,1,0,Typhoid
1,1,1,1,1,1,0,0,1,1,1,0,0,0,Typhoid
1,1,1,1,1,0,0,1,1,1,0,0,0,0,Typhoid
1,0,1,1,0,0,0,0,1,1,0,1,0,1,Typhoid
1,0,0,1,0,0,1,0,1,1,0,1,0,0,Typhoid
1,0,1,0,0,1,0,0,1,1,0,1,1,1,Typhoid
1,1,1,1,0,1,0,0,1,1,1,0,1,0,Typhoid
1,0,1,1,1,0,0,0,1,1,1,0,1,1,Typhoid
1,0,0,0,1,0,1,1,1,1,0,1,1,1,Typhoid
1,1,1,1,1,0,0,0,1,1,1,0,0,0,Typhoid
1,0,1,0,0,1,1,1,1,1,0,1,0,1,Typhoid
1,0,0,1,1,1,1,0,1,1,1,1,1,1,Typhoid
1,0,1,1,0,0,1,1,1,1,0,1,1,0,Typhoid
1,1,0,0,1,0,0,0,1,1,1,1,0,0,Typhoid
1,0,1,0,0,1,1,0,1,1,1,1,0,1,Typhoid
1,0,1,0,1,1,0,1,1,1,0,1,0,0,Typhoid
1,1,1,0,0,0,1,0,1,1,1,1,1,1,Typhoid
1,0,1,0,0,0,1,0,1,1,1,1,0,1,Typhoid
1,1,1,1,0,1,0,1,1,1,0,1,0,0,Typhoid
1,1,0,1,1,0,0,0,1,1,0,1,0,0,Typhoid
1,0,1,1,0,1,0,0,1,1,0,1,1,1,Typhoid
1,1,0,1,1,0,1,0,1,1,1,0,0,0,Typhoid
1,1,1,0,1,1,0,0,1,1,1,0,0,0,Typhoid
1,0,0,1,0,1,1,0,1,1,0,0,1,1,Typhoid
1,0,1,0,1,0,1,0,1,1,1,1,0,0,Typhoid
1,1,1,1,0,0,0,1,1,1,1,0,0,0,Typhoid
1,0,1,0,1,0,0,1,1,1,0,0,0,0,Typhoid
1,1,0,0,0,0,1,0,1,1,0,1,0,1,Typhoid
1,0,0,1,1,0,0,0,1,1,1,1,0,0,Typhoid
1,1,1,0,0,1,1,0,1,1,0,1,1,1,Typhoid
1,1,0,0,1,1,1,1,1,1,1,0,0,1,Typhoid
1,1,0,1,0,0,0,0,1,1,1,0,0,1,Typhoid
1,1,0,0,0,1,0,1,1,1,1,0,1,1,Typhoid
1,1,1,1,1,1,0,1,1,1,1,1,1,0,Typhoid
1,0,1,1,0,0,1,0,1,1,0,1,0,1,Typhoid
1,1,1,1,1,1,1,1,1,1,0,1,1,1,Typhoid
1,0,0,1,1,0,1,1,1,1,0,1,0,1,Typhoid
1,0,0,1,1,1,1,0,1,1,1,0,0,1,Typhoid
1,0,1,0,1,0,1,0,1,1,1,0,0,0,Typhoid
1,1,0,0,1,0,0,1,1,1,0,0,1,1,Typhoid
1,1,1,0,0,1,1,0,1,1,0,1,0,1,Typhoid
1,0,1,1,0,1,0,0,1,1,1,0,0,0,Typhoid
1,1,0,0,0,0,0,1,1,1,0,1,1,0,Typhoid
1,1,0,0,0,0,1,1,1,1,1,0,0,0,Typhoid
1,1,1,0,1,0,1,1,1,1,0,1,0,1,Typhoid
1,1,1,0,1,1,0,1,1,1,0,1,0,1,Typhoid
1,1,1,1,0,1,1,0,1,1,0,0,1,1,Typhoid
1,1,0,1,1,0,1,1,1,1,0,1,0,1,Typhoid
1,1,0,0,1,1,0,0,1,1,1,0,0,0,Typhoid
1,0,0,0,0,0,1,1,1,1,0,0,1,1,Typhoid
1,1,1,0,0,0,1,1,1,1,0,1,0,0,Typhoid
1,0,1,1,1,1,1,0,1,1,0,0,1,1,Typhoid
1,0,0,0,0,1,1,1,1,1,1,0,0,0,Typhoid
1,0,0,1,0,0,1,1,1,1,1,1,1,0,Typhoid
1,1,0,1,1,0,1,1,1,1,0,0,1,0,Typhoid
1,1,1,1,0,0,0,1,1,1,0,0,1,0,Typhoid
1,0,0,1,1,0,1,0,1,1,0,1,0,1,Typhoid
1,1,1,1,1,0,1,1,1,1,1,0,1,1,Typhoid
1,1,1,1,1,1,0,0,1,1,1,0,1,1,Typhoid
1,1,1,1,0,1,0,1,1,1,0,0,1,1,Typhoid
1,1,0,1,0,1,1,1,1,1,0,0,1,0,Typhoid
1,1,0,0,0,1,0,0,1,1,0,1,1,1,Typhoid
1,1,0,0,1,1,1,1,1,1,0,0,1,1,Typhoid
1,1,1,1,1,0,1,0,1,1,1,1,1,0,Typhoid
1,0,0,1,1,1,0,0,1,1,1,1,0,1,Typhoid
1,1,0,0,0,1,0,1,1,1,1,0,1,1,Typhoid
1,1,1,1,1,0,0,0,1,1,1,1,1,0,Typhoid
1,0,1,0,1,0,1,0,1,1,1,0,1,1,Typhoid
1,1,1,1,1,1,0,1,1,1,1,0,0,1,Typhoid
1,1,0,1,1,0,0,0,1,1,1,0,1,0,Typhoid
1,0,0,1,1,0,1,0,1,1,1,0,0,1,Typhoid
1,0,0,0,0,1,0,1,1,1,1,0,1,0,Typhoid
1,1,0,0,0,1,1,1,1,1,1,0,1,1,Typhoid
1,1,0,1,0,1,0,0,1,1,1,0,0,1,Typhoid
1,0,1,0,0,0,0,1,1,1,0,0,0,1,Typhoid
1,0,1,0,0,1,0,1,1,1,0,1,1,1,Typhoid
1,0,0,0,0,1,0,1,1,1,0,1,0,0,Typhoid
1,0,0,1,1,1,1,1,1,1,0,1,0,1,Typhoid
1,1,1,1,0,1,0,0,1,1,1,1,1,0,Typhoid
1,1,1,1,1,1,0,1,1,1,1,0,0,1,Typhoid
1,0,1,0,0,1,1,0,1,1,1,0,0,1,Typhoid
1,1,0,1,0,1,0,1,1,1,1,1,0,1,Dengue
1,0,0,1,0,1,1,1,0,1,1,1,1,0,Dengue
1,1,1,0,0,0,0,1,0,0,1,1,0,0,Dengue
1,1,0,1,0,0,1,0,0,1,1,1,1,0,Dengue
1,1,1,0,1,0,0,1,0,1,1,1,0,0,Dengue
1,1,0,0,0,0,1,1,0,1,1,1,1,0,Dengue
1,1,1,1,0,1,0,1,1,0,1,1,1,1,Dengue
1,1,0,1,0,0,1,0,1,1,1,1,0,1,Dengue
1,0,0,1,0,0,0,0,1,0,1,1,0,0,Dengue
1,0,0,0,1,0,0,0,0,1,1,1,1,1,Dengue
1,1,0,0,0,0,1,1,0,1,1,1,1,0,Dengue
1,1,1,0,1,0,1,0,1,0,1,1,0,1,Dengue
1,1,1,1,0,0,0,0,0,1,1,1,0,1,Dengue
1,0,1,1,0,1,1,0,0,1,1,1,1,1,Dengue
1,1,1,0,0,0,0,1,1,1,1,1,1,1,Dengue
1,1,1,1,1,0,1,0,1,1,1,1,1,0,Dengue
1,0,1,0,0,1,1,0,1,0,1,1,1,1,Dengue
1,1,1,1,0,1,0,0,0,1,1,1,0,1,Dengue
1,0,0,0,1,1,0,0,1,1,1,1,0,1,Dengue
1,1,1,0,0,0,1,0,1,0,1,1,0,1,Dengue
1,1,1,0,0,0,1,0,1,0,1,1,1,1,Dengue
1,1,1,1,1,0,0,0,0,0,1,1,1,1,Dengue
1,1,1,0,1,0,0,1,1,0,1,1,1,1,Dengue
1,0,0,0,1,1,0,0,0,1,1,1,1,0,Dengue
1,1,1,0,1,0,1,0,0,0,1,1,0,0,Dengue
1,0,0,0,0,0,1,1,0,0,1,1,0,1,Dengue
1,1,0,1,1,0,1,1,0,0,1,1,0,0,Dengue
1,0,0,0,0,1,1,0,1,1,1,1,1,0,Dengue
1,0,0,1,0,1,1,1,1,1,1,1,1,1,Dengue
1,1,0,0,0,1,0,1,0,0,1,1,1,1,Dengue
1,0,1,1,0,1,1,1,1,0,1,1,0,1,Dengue
1,1,0,1,1,1,1,0,1,0,1,1,0,1,Dengue
1,1,1,0,1,0,0,1,1,1,1,1,1,0,Dengue
1,1,1,0,0,0,0,1,1,0,1,1,0,1,Dengue
1,1,1,0,0,1,0,0,0,1,1,1,1,1,Dengue
1,0,1,0,1,0,0,1,0,1,1,1,0,1,Dengue
1,1,0,0,0,0,1,0,1,0,1,1,1,1,Dengue
1,0,1,1,0,1,0,0,1,0,1,1,0,1,Dengue
1,1,0,0,1,0,1,1,1,0,1,1,1,0,Dengue
1,0,0,1,1,1,0,0,0,0,1,1,1,1,Dengue
1,1,1,0,0,1,0,1,0,0,1,1,1,0,Dengue
1,0,1,1,1,0,0,1,0,0,1,1,0,1,Dengue
1,1,1,0,0,0,0,0,1,1,1,1,1,1,Dengue
1,1,0,0,1,1,1,1,0,1,1,1,1,0,Dengue
1,1,0,1,0,0,0,1,1,1,1,1,0,1,Dengue
1,1,1,0,1,0,0,0,0,0,1,1,1,0,Dengue
1,0,1,1,1,0,1,0,1,1,1,1,1,0,Dengue
1,0,0,0,0,0,0,0,1,0,1,1,1,0,Dengue
1,1,1,1,1,1,0,1,0,1,1,1,0,1,Dengue
1,1,1,1,1,1,0,0,1,0,1,1,0,1,Dengue
1,0,0,1,0,1,1,1,1,0,1,1,0,0,Dengue
1,1,0,1,0,1,0,0,1,0,1,1,1,0,Dengue
1,1,1,0,0,0,0,0,0,0,1,1,1,0,Dengue
1,1,1,0,1,0,1,1,1,1,1,1,1,0,Dengue
1,1,0,0,0,1,1,0,0,0,1,1,0,1,Dengue
1,0,1,1,1,0,0,1,0,1,1,1,1,0,Dengue
1,0,0,0,0,0,0,1,1,0,1,1,1,0,Dengue
1,1,0,0,1,0,1,0,0,0,1,1,0,1,Dengue
1,1,0,1,1,1,1,1,0,1,1,1,0,0,Dengue
1,0,1,1,1,0,0,0,0,0,1,1,1,1,Dengue
1,1,0,1,0,1,1,0,0,1,1,1,0,0,Dengue
1,1,0,0,1,0,0,0,1,0,1,1,0,1,Dengue
1,0,1,1,1,0,0,0,1,0,1,1,0,0,Dengue
1,1,1,0,0,1,0,1,1,0,1,1,1,1,Dengue
1,1,1,0,0,0,1,0,0,0,1,1,0,1,Dengue
1,0,1,1,1,1,1,0,1,1,1,1,1,0,Dengue
1,0,1,0,0,1,0,0,0,0,1,1,0,0,Dengue
1,1,1,1,1,1,0,1,1,0,1,1,0,1,Dengue
1,1,1,0,0,1,1,1,1,1,1,1,1,0,Dengue
1,1,0,1,1,0,0,0,0,0,1,1,1,1,Dengue
1,1,0,1,1,1,0,1,0,1,1,1,0,1,Dengue
1,0,0,1,0,1,0,1,1,0,1,1,1,0,Dengue
1,0,1,1,1,0,1,0,1,0,1,1,0,0,Dengue
1,0,0,1,0,1,0,0,1,1,1,1,0,0,Dengue
1,1,0,0,0,1,0,0,0,1,1,1,1,1,Dengue
1,0,0,1,1,0,0,1,1,0,1,1,0,1,Dengue
1,1,0,0,1,1,0,0,1,1,1,1,1,0,Dengue
1,1,0,1,1,1,0,1,1,0,1,1,0,1,Dengue
1,0,1,1,0,1,0,1,1,0,1,1,1,0,Dengue
1,1,1,0,0,0,1,0,0,0,1,1,1,1,Dengue
1,0,0,0,1,0,1,1,0,0,1,1,1,1,Dengue
1,0,1,0,1,0,0,1,0,0,1,1,1,0,Dengue
1,1,1,1,0,1,0,1,0,1,1,1,1,0,Dengue
1,1,0,0,1,0,1,0,0,0,1,1,0,0,Dengue
1,0,0,1,1,1,1,1,1,1,1,1,0,0,Dengue
1,1,1,0,1,0,0,1,0,1,1,1,1,1,Dengue
1,1,0,1,1,0,0,0,1,1,1,1,1,1,Dengue
1,0,0,0,1,0,1,1,1,1,1,1,1,1,Dengue
1,0,0,1,0,0,1,1,1,0,1,1,0,1,Dengue
1,0,0,0,0,0,1,0,0,0,1,1,1,0,Dengue
1,0,1,0,0,0,1,1,1,0,1,1,1,0,Dengue
1,0,1,1,1,1,1,1,0,1,1,1,0,0,Dengue
1,0,1,1,1,1,0,1,0,0,1,1,1,0,Dengue
1,1,0,0,0,0,0,0,1,1,1,1,0,0,Dengue
1,0,1,1,1,0,1,0,1,0,1,1,0,0,Dengue
1,0,0,1,0,1,0,1,1,0,1,1,1,0,Dengue
1,0,0,1,0,1,1,0,0,0,1,1,1,1,Dengue
1,1,1,1,0,1,1,1,0,0,1,1,1,0,Dengue
1,0,1,1,1,0,1,1,1,1,1,1,1,0,Dengue
1,1,1,1,1,1,1,1,1,0,1,1,1,0,Dengue
1,0,0,0,0,0,1,0,1,0,0,0,1,1,Covid-19
1,1,0,1,0,0,0,0,0,1,1,0,1,1,Covid-19
1,1,1,0,0,0,1,1,1,0,0,1,1,1,Covid-19
1,0,1,1,0,0,1,1,0,0,1,0,1,1,Covid-19
1,1,0,1,0,0,1,0,0,0,1,1,1,1,Covid-19
1,0,1,1,1,0,1,1,1,0,1,0,1,1,Covid-19
1,1,0,1,0,0,0,1,0,1,0,0,1,1,Covid-19
1,0,1,1,1,1,1,1,0,1,1,1,1,1,Covid-19
1,0,0,0,0,1,1,1,1,0,0,0,1,1,Covid-19
1,0,1,0,1,1,1,1,1,1,1,0,1,1,Covid-19
1,0,0,0,0,1,0,0,0,0,1,1,1,1,Covid-19
1,1,1,1,0,0,0,0,0,1,1,1,1,1,Covid-19
1,0,1,0,1,0,1,1,1,0,0,0,1,1,Covid-19
1,0,0,0,1,0,1,1,0,1,1,1,1,1,Covid-19
1,1,1,1,0,1,0,1,1,1,0,0,1,1,Covid-19
1,1,1,1,0,1,0,0,1,0,1,0,1,1,Covid-19
1,1,0,0,0,1,0,1,1,0,0,0,1,1,Covid-19
1,0,0,0,1,0,0,1,1,0,0,1,1,1,Covid-19
1,0,1,1,0,0,1,0,0,0,0,0,1,1,Covid-19
1,1,0,1,1,0,1,1,1,1,1,1,1,1,Covid-19
1,1,1,0,1,1,0,0,0,0,0,1,1,1,Covid-19
1,0,0,0,1,1,1,1,0,0,1,0,1,1,Covid-19
1,1,0,0,0,0,1,0,1,1,1,0,1,1,Covid-19
1,1,0,0,0,1,0,0,1,1,0,1,1,1,Covid-19
1,1,1,0,0,0,0,1,0,0,1,1,1,1,Covid-19
1,0,0,1,1,0,1,1,1,0,1,1,1,1,Covid-19
1,1,0,1,1,0,0,0,1,0,0,0,1,1,Covid-19
1,1,0,1,0,0,0,1,1,1,1,1,1,1,Covid-19
1,0,1,0,1,1,1,0,1,0,0,1,1,1,Covid-19
1,1,1,0,1,1,0,0,0,1,0,0,1,1,Covid-19
1,1,0,1,0,0,1,0,0,1,1,1,1,1,Covid-19
1,1,0,0,0,1,0,0,1,0,0,0,1,1,Covid-19
1,1,1,0,0,0,0,0,0,1,1,0,1,1,Covid-19
1,0,0,1,1,1,0,1,1,0,0,0,1,1,Covid-19
1,0,0,0,1,0,0,0,0,1,1,1,1,1,Covid-19
1,0,0,0,1,1,0,0,1,1,1,0,1,1,Covid-19
1,0,0,1,1,1,1,1,1,0,0,0,1,1,Covid-19
1,0,1,0,0,0,1,1,1,0,0,0,1,1,Covid-19
1,0,1,0,1,1,0,0,0,0,0,0,1,1,Covid-19
1,1,1,1,1,0,0,1,0,1,0,0,1,1,Covid-19
1,1,0,0,0,0,0,1,0,1,0,1,1,1,Covid-19
1,0,1,0,1,0,1,1,0,0,0,0,1,1,Covid-19
1,1,1,1,0,0,0,1,1,0,0,1,1,1,Covid-19
1,1,0,1,0,0,0,0,0,1,1,1,1,1,Covid-19
1,0,0,0,0,0,0,0,1,0,0,1,1,1,Covid-19
1,0,1,1,0,0,1,0,1,1,0,1,1,1,Covid-19
1,1,1,0,1,0,0,0,0,1,0,1,1,1,Covid-19
1,0,0,0,1,0,0,0,0,1,0,1,1,1,Covid-19
1,1,0,1,0,1,1,1,1,0,1,1,1,1,Covid-19
1,1,0,1,1,1,0,1,0,1,1,1,1,1,Covid-19
1,0,1,0,1,1,1,0,0,0,0,1,1,1,Covid-19
1,1,0,1,0,1,0,0,1,0,1,0,1,1,Covid-19
1,1,0,1,0,0,0,0,1,0,1,1,1,1,Covid-19
1,1,0,1,1,1,0,1,0,0,1,0,1,1,Covid-19
1,0,0,0,0,0,0,1,1,0,0,1,1,1,Covid-19
1,0,1,0,0,1,0,1,1,1,0,0,1,1,Covid-19
1,0,1,0,0,0,0,1,1,1,0,0,1,1,Covid-19
1,0,0,0,1,1,1,0,0,1,0,0,1,1,Covid-19
1,0,1,1,0,1,0,1,1,1,0,1,1,1,Covid-19
1,1,0,0,1,0,0,0,0,1,1,0,1,1,Covid-19
1,0,1,0,0,0,0,1,0,0,1,1,1,1,Covid-19
1,0,1,0,0,0,1,0,0,0,0,0,1,1,Covid-19
1,0,1,0,1,1,0,1,1,1,1,1,1,1,Covid-19
1,0,0,1,1,0,1,0,1,0,1,0,1,1,Covid-19
1,1,1,1,0,1,0,1,0,0,1,1,1,1,Covid-19
1,0,0,1,1,0,1,1,0,1,1,1,1,1,Covid-19
1,0,1,1,1,0,1,0,0,1,1,1,1,1,Covid-19
1,0,0,0,1,1,1,1,1,1,1,0,1,1,Covid-19
1,0,1,1,0,1,1,1,1,0,0,1,1,1,Covid-19
1,1,1,1,1,0,0,0,1,0,0,1,1,1,Covid-19
1,1,0,1,0,1,0,1,0,0,1,1,1,1,Covid-19
1,0,0,0,0,0,0,1,0,0,0,1,1,1,Covid-19
1,0,0,1,1,0,1,0,0,0,1,0,1,1,Covid-19
1,1,0,1,0,0,0,1,0,0,0,0,1,1,Covid-19
1,0,1,0,1,1,0,1,1,0,0,1,1,1,Covid-19
1,0,1,0,0,1,1,0,1,1,0,1,1,1,Covid-19
1,1,1,0,0,1,0,1,0,0,0,0,1,1,Covid-19
1,0,1,0,1,0,1,0,1,1,0,0,1,1,Covid-19
1,1,1,1,1,0,0,1,0,0,0,0,1,1,Covid-19
1,1,1,1,0,0,0,1,1,0,1,1,1,1,Covid-19
1,1,1,1,0,1,0,0,0,0,0,1,1,1,Covid-19
1,0,0,0,1,0,1,1,1,1,1,1,1,1,Covid-19
1,1,0,1,1,1,1,1,0,1,1,0,1,1,Covid-19
1,0,1,0,1,0,0,1,0,1,0,0,1,1,Covid-19
1,0,0,1,1,1,0,1,1,1,1,1,1,1,Covid-19
1,1,1,0,1,1,1,1,0,0,0,1,1,1,Covid-19
1,1,0,1,1,1,0,1,1,1,0,0,1,1,Covid-19
1,1,0,0,0,1,0,0,0,1,0,1,1,1,Covid-19
1,1,1,0,0,1,0,0,0,0,0,0,1,1,Covid-19
1,1,1,1,0,0,0,0,1,0,1,0,1,1,Covid-19
1,1,1,1,0,1,0,0,1,1,1,0,1,1,Covid-19
1,1,1,0,0,0,1,0,1,1,1,0,1,1,Covid-19
1,0,1,1,0,0,1,1,1,1,0,1,1,1,Covid-19
1,1,0,0,1,0,0,1,1,0,1,0,1,1,Covid-19
1,1,1,0,1,1,1,1,1,1,1,0,1,1,Covid-19
1,0,0,1,1,1,1,1,1,1,1,1,1,1,Covid-19
1,0,0,1,0,1,0,0,0,1,1,0,1,1,Covid-19
1,1,0,1,0,1,1,0,0,0,0,0,1,1,Covid-19
1,1,0,0,0,1,0,0,1,0,1,1,1,1,Covid-19
1,1,1,1,1,1,0,0,0,0,0,1,1,1,Covid-19
